{"cameraMode":{"drawMode":0,"name":"Shaded","section":"Shading Mode"},"sceneLighting":false,"audioPlay":false,"sceneViewState":{"m_AlwaysRefresh":false,"showFog":true,"showSkybox":false,"showFlares":true,"showImageEffects":true,"showParticleSystems":true,"showVisualEffectGraphs":true,"m_FxEnabled":true},"in2DMode":false,"pivot":{"x":189.96389770507813,"y":0.8600000143051148,"z":157.96255493164063},"rotation":{"x":-0.15272219479084016,"y":-0.757034957408905,"z":0.19081108272075654,"w":-0.6059790253639221},"size":0.8660253882408142,"orthographic":false}