{"cameraMode":{"drawMode":0,"name":"Shaded","section":"Shading Mode"},"sceneLighting":false,"audioPlay":false,"sceneViewState":{"m_AlwaysRefresh":false,"showFog":true,"showSkybox":false,"showFlares":true,"showImageEffects":true,"showParticleSystems":true,"showVisualEffectGraphs":true,"m_FxEnabled":true},"in2DMode":false,"pivot":{"x":4.76837158203125e-7,"y":0.0023822784423828127,"z":0.04995749145746231},"rotation":{"x":-0.07017304003238678,"y":-0.9249033331871033,"z":0.2067354917526245,"w":-0.31170445680618288},"size":1.4470343589782715,"orthographic":false}