{"cameraMode":{"drawMode":0,"name":"Shaded","section":"Shading Mode"},"sceneLighting":false,"audioPlay":false,"sceneViewState":{"m_AlwaysRefresh":false,"showFog":true,"showSkybox":false,"showFlares":true,"showImageEffects":true,"showParticleSystems":true,"showVisualEffectGraphs":true,"m_FxEnabled":true},"in2DMode":false,"pivot":{"x":-0.994626522064209,"y":0.30037206411361697,"z":-17.530120849609376},"rotation":{"x":0.19797776639461518,"y":0.04437388852238655,"z":-0.008974202908575535,"w":0.9791705012321472},"size":1.445683240890503,"orthographic":false}