{"cameraMode":{"drawMode":0,"name":"Shaded","section":"Shading Mode"},"sceneLighting":false,"audioPlay":false,"sceneViewState":{"m_AlwaysRefresh":false,"showFog":true,"showSkybox":false,"showFlares":true,"showImageEffects":true,"showParticleSystems":true,"showVisualEffectGraphs":true,"m_FxEnabled":true},"in2DMode":false,"pivot":{"x":-0.03789663314819336,"y":3.6401376724243166,"z":46.56651306152344},"rotation":{"x":0.09186336398124695,"y":-0.538679838180542,"z":0.059195104986429217,"w":0.8354318737983704},"size":4.375492095947266,"orthographic":false}