{"cameraMode":{"drawMode":0,"name":"Shaded","section":"Shading Mode"},"sceneLighting":false,"audioPlay":false,"sceneViewState":{"m_AlwaysRefresh":false,"showFog":true,"showSkybox":false,"showFlares":true,"showImageEffects":true,"showParticleSystems":true,"showVisualEffectGraphs":true,"m_FxEnabled":true},"in2DMode":false,"pivot":{"x":0.08834442496299744,"y":-0.06491702795028687,"z":-0.12172216176986695},"rotation":{"x":0.22208921611309052,"y":0.10813071578741074,"z":-0.024515965953469278,"w":0.9688345789909363},"size":0.8527080416679382,"orthographic":false}