{"cameraMode":{"drawMode":0,"name":"Shaded","section":"Shading Mode"},"sceneLighting":false,"audioPlay":false,"sceneViewState":{"m_AlwaysRefresh":false,"showFog":true,"showSkybox":false,"showFlares":true,"showImageEffects":true,"showParticleSystems":true,"showVisualEffectGraphs":true,"m_FxEnabled":true},"in2DMode":false,"pivot":{"x":1.427606463432312,"y":2.6394829750061037,"z":0.3623232841491699},"rotation":{"x":0.21041743457317353,"y":0.5071229338645935,"z":-0.12890958786010743,"w":0.8259391188621521},"size":1.5901005268096924,"orthographic":false}