{"cameraMode":{"drawMode":0,"name":"Shaded","section":"Shading Mode"},"sceneLighting":true,"audioPlay":false,"sceneViewState":{"m_AlwaysRefresh":false,"showFog":true,"showSkybox":false,"showFlares":true,"showImageEffects":true,"showParticleSystems":true,"showVisualEffectGraphs":true,"m_FxEnabled":true},"in2DMode":false,"pivot":{"x":2.3283958435058595,"y":16.034934997558595,"z":-78.77912139892578},"rotation":{"x":-0.00510774040594697,"y":0.9948481917381287,"z":0.060951992869377139,"w":0.08347228914499283},"size":47.10532760620117,"orthographic":false}